,,,,Segment,Direct traffic,Direct traffic,Direct traffic,Direct traffic,Direct traffic,Direct traffic,Totals,Totals,Totals,Totals,Totals,Totals,
app_version,task_id,My Session ID,Date,Date + hour (YYYYMMDDHH),Total users,tasks_completed,tasks_completed_at_dropout,time_spent_seconds,rating,Average session duration,Total users,tasks_completed,tasks_completed_at_dropout,time_spent_seconds,rating,Average session duration,Average session duration
,,,,,74,421,421,34020.05,232,161.552117,74,421,421,34020.05,232,161.552117,Grand total
A,Task 3,75991c80-2263-40cc-9088-08a9b6cbf061,20260411,2026041100,1,0,11,14.85,0,282.023398,1,0,11,14.85,0,282.023398,
B,Task 6,1b84ad05-0d03-4816-aaec-9978e5e3002a,20260412,2026041219,1,0,6,63.45,0,385.310099,1,0,6,63.45,0,385.310099,
A,Task 3,338e6904-012a-4f46-9bcc-2126747cf2b0,20260406,2026040617,1,0,9,5.99,0,236.3705,1,0,9,5.99,0,236.3705,
A,Task 3,18a0d11c-034b-4821-b5fc-6af07a34c83e,20260407,2026040710,1,0,7,5.01,0,254.293841,1,0,7,5.01,0,254.293841,
B,Task 4,1b84ad05-0d03-4816-aaec-9978e5e3002a,20260412,2026041211,1,0,6,87.89,0,318.020385,1,0,6,87.89,0,318.020385,
B,(not set),f564ecb0-06ed-4940-a33c-eb02afd35956,20260416,2026041608,1,0,10,0,1,363.03541,1,0,10,0,1,363.03541,
B,Task 3,0f1be914-7fb3-48b0-99de-40113d800b6d,20260406,2026040609,1,0,11,28.46,0,385.024925,1,0,11,28.46,0,385.024925,
B,Task 11,f3e0fb95-e117-4c54-8f7d-7b853902fa0e,20260413,2026041315,1,0,11,213.64,0,144.883727,1,0,11,213.64,0,144.883727,
A,Task 7,92f6abca-4901-46e2-8da6-7989cf2bb09b,20260411,2026041101,1,0,8,18.96,0,155.745934,1,0,8,18.96,0,155.745934,
A,Task 4,0d28e9a6-3fce-46c0-a5cd-a8b76bf1d331,20260412,2026041222,1,0,9,52.18,0,220.720436,1,0,9,52.18,0,220.720436,
A,Task 5,a6f94c94-a3bf-45a0-94f0-fd16c304661a,20260413,2026041311,1,0,5,21.01,0,99.353207,1,0,5,21.01,0,99.353207,
A,Task 4,91403172-179f-4099-b087-329f900f2ddb,20260408,2026040820,1,0,6,94.15,0,126.945808,1,0,6,94.15,0,126.945808,
A,Task 8,92f6abca-4901-46e2-8da6-7989cf2bb09b,20260411,2026041101,1,0,8,16.41,0,32.053414,1,0,8,16.41,0,32.053414,
B,(not set),ad8702fd-ae56-4176-8713-6c56c6b90bde,20260414,2026041408,1,0,7,0,3,475.973263,1,0,7,0,3,475.973263,
B,Task 1,112af536-c112-4c07-93ef-28548e7d7224,20260406,2026040622,1,0,5,17.3,0,399.691668,1,0,5,17.3,0,399.691668,
A,(not set),312f6d2c-0fd1-49bf-9cdc-796b4fe40014,20260412,2026041208,1,0,9,0,5,41.441864,1,0,9,0,5,41.441864,
B,Task 1,76d01c3a-1190-489a-9b83-4fe9a9aefd4d,20260413,2026041318,1,0,1,49.71,0,207.761985,1,0,1,49.71,0,207.761985,
A,Task 1,2e1b241d-f965-49a8-961b-53fb0f71800a,20260407,2026040720,1,0,1,14.22,0,204.856696,1,0,1,14.22,0,204.856696,
B,Task 4,908baec7-b221-4b1e-824e-c3004e8e5b5f,20260414,2026041409,1,0,7,26.93,0,374.414641,1,0,7,26.93,0,374.414641,
B,Task 3,ad8702fd-ae56-4176-8713-6c56c6b90bde,20260412,2026041208,1,0,7,9.51,0,59.518016,1,0,7,9.51,0,59.518016,
B,Task 2,0cc8e3c1-fe7e-4f3a-920c-cf7cfed7c65f,20260412,2026041210,1,0,9,85.63,0,164.102603,1,0,9,85.63,0,164.102603,
B,Task 7,4e490dcb-b86d-4d3d-8196-7b211b40a1f7,20260414,2026041410,1,0,11,70.01,0,48.43284,1,0,11,70.01,0,48.43284,
(not set),(not set),(not set),20260411,2026041101,3,0,0,0,0,296.091978,3,0,0,0,0,296.091978,
(not set),(not set),(not set),20260414,2026041420,5,0,0,0,0,647.409288,5,0,0,0,0,647.409288,
A,Task 1,cefe9496-3a82-4b55-9c80-8c5939eb725b,20260406,2026040618,1,0,1,10.89,0,303.401577,1,0,1,10.89,0,303.401577,
B,Task 4,ad8702fd-ae56-4176-8713-6c56c6b90bde,20260414,2026041408,1,0,7,248.8,0,268.659808,1,0,7,248.8,0,268.659808,
B,(not set),1b84ad05-0d03-4816-aaec-9978e5e3002a,20260414,2026041414,1,0,6,0,1,459.238105,1,0,6,0,1,459.238105,
B,Task 10,f564ecb0-06ed-4940-a33c-eb02afd35956,20260414,2026041409,1,0,10,18.61,0,117.713549,1,0,10,18.61,0,117.713549,
B,Task 3,67560e2f-6430-43d8-b5f4-3e6446bb6f4c,20260414,2026041411,1,0,11,22.48,0,370.182557,1,0,11,22.48,0,370.182557,
B,Task 8,0f1be914-7fb3-48b0-99de-40113d800b6d,20260406,2026040610,1,0,11,13.69,0,187.011821,1,0,11,13.69,0,187.011821,
A,Task 4,6e39b059-1521-479a-9cc7-0f1252eee297,20260414,2026041414,1,0,7,5.01,0,337.920194,1,0,7,5.01,0,337.920194,
B,Task 9,0f1be914-7fb3-48b0-99de-40113d800b6d,20260406,2026040618,1,0,11,5.01,0,191.092728,1,0,11,5.01,0,191.092728,
A,Task 1,431d29b1-6c40-4358-91b7-aa9cbb71b247,20260411,2026041101,1,0,8,6.23,0,299.672601,1,0,8,6.23,0,299.672601,
A,(not set),5768fd9d-02f4-4527-9a97-90c4b670dc5c,20260414,2026041402,1,0,1,0,3,44.718239,1,0,1,0,3,44.718239,
A,Task 2,92495f81-0daa-4f5c-afa9-5e951c85e1a6,20260410,2026041015,1,0,3,251.49,0,77.935927,1,0,3,251.49,0,77.935927,
A,Task 4,312f6d2c-0fd1-49bf-9cdc-796b4fe40014,20260410,2026041016,1,0,9,157.46,0,269.292618,1,0,9,157.46,0,269.292618,
(not set),(not set),(not set),20260412,2026041215,2,0,0,0,0,598.763528,2,0,0,0,0,598.763528,
B,Task 9,f3e0fb95-e117-4c54-8f7d-7b853902fa0e,20260413,2026041315,1,0,11,79.7,0,239.519196,1,0,11,79.7,0,239.519196,
(not set),(not set),(not set),20260409,2026040918,2,0,0,0,0,789.385251,2,0,0,0,0,789.385251,
A,Task 7,431d29b1-6c40-4358-91b7-aa9cbb71b247,20260411,2026041101,1,0,8,17.71,0,283.87051,1,0,8,17.71,0,283.87051,
B,Task 5,b9fd3906-a45c-4c5f-845f-0d106a51e505,20260411,2026041117,1,0,8,46.72,0,260.813195,1,0,8,46.72,0,260.813195,
B,Task 3,0cc8e3c1-fe7e-4f3a-920c-cf7cfed7c65f,20260413,2026041313,1,0,9,9.38,0,192.373367,1,0,9,9.38,0,192.373367,
B,Task 4,4e490dcb-b86d-4d3d-8196-7b211b40a1f7,20260414,2026041414,1,0,11,26.76,0,197.036054,1,0,11,26.76,0,197.036054,
B,Task 9,a68893f3-71a3-45b7-934f-d6d5217313c2,20260410,2026041019,1,0,10,26.43,0,173.583066,1,0,10,26.43,0,173.583066,
B,Task 3,be32938a-1289-4605-b608-983856893e60,20260407,2026040722,1,0,10,5.01,0,345.077622,1,0,10,5.01,0,345.077622,
B,Task 5,6c3a7402-266c-42a2-b39d-aaddd0dc3427,20260413,2026041313,1,0,5,14.47,0,342.21137,1,0,5,14.47,0,342.21137,
A,(not set),cefe9496-3a82-4b55-9c80-8c5939eb725b,20260406,2026040618,1,0,1,0,4,353.638921,1,0,1,0,4,353.638921,
A,Task 2,8b005b38-f501-4aaa-ae7a-297a9116d41f,20260413,2026041311,1,0,11,24.25,0,258.819637,1,0,11,24.25,0,258.819637,
A,Task 4,ce9bfc46-a294-49fc-9f80-6fd29c5904e3,20260406,2026040615,1,0,8,146.55,0,214.020992,1,0,8,146.55,0,214.020992,
A,(not set),413184e0-d61c-4db2-9114-c3731ed7dfab,20260406,2026040617,1,0,2,0,5,390.838663,1,0,2,0,5,390.838663,
B,Task 1,a25299df-e385-4bbe-a00d-670c806c0416,20260412,2026041222,1,0,1,6.73,0,313.010076,1,0,1,6.73,0,313.010076,
A,(not set),92f6abca-4901-46e2-8da6-7989cf2bb09b,20260411,2026041101,1,0,8,0,2,472.206313,1,0,8,0,2,472.206313,
A,Task 6,ce9bfc46-a294-49fc-9f80-6fd29c5904e3,20260406,2026040617,1,0,8,5.01,0,330.431435,1,0,8,5.01,0,330.431435,
B,Task 1,0cc8e3c1-fe7e-4f3a-920c-cf7cfed7c65f,20260412,2026041217,1,0,9,86.27,0,134.474487,1,0,9,86.27,0,134.474487,
B,Task 4,e051f43e-bc41-493d-ba40-0813d6d200e0,20260414,2026041412,1,0,9,29.16,0,145.893602,1,0,9,29.16,0,145.893602,
B,Task 9,f564ecb0-06ed-4940-a33c-eb02afd35956,20260415,2026041517,1,0,10,75.82,0,80.182563,1,0,10,75.82,0,80.182563,
A,(not set),a6f94c94-a3bf-45a0-94f0-fd16c304661a,20260413,2026041311,1,0,5,0,5,404.44205,1,0,5,0,5,404.44205,
A,Task 8,431d29b1-6c40-4358-91b7-aa9cbb71b247,20260411,2026041101,1,0,8,19.1,0,112.820847,1,0,8,19.1,0,112.820847,
A,Task 5,91403172-179f-4099-b087-329f900f2ddb,20260407,2026040712,1,0,6,10.69,0,293.305924,1,0,6,10.69,0,293.305924,
B,Task 4,991c3ef0-ab9a-47a5-acf8-3ded91db2bf1,20260413,2026041320,1,0,8,141.25,0,359.72728,1,0,8,141.25,0,359.72728,
B,(not set),76d01c3a-1190-489a-9b83-4fe9a9aefd4d,20260413,2026041318,1,0,1,0,3,147.393748,1,0,1,0,3,147.393748,
B,Task 4,0cc8e3c1-fe7e-4f3a-920c-cf7cfed7c65f,20260412,2026041216,1,0,9,207.42,0,244.758923,1,0,9,207.42,0,244.758923,
B,Task 2,ea371272-0696-414c-a6a7-c67f6be5a35b,20260413,2026041315,1,0,7,81.59,0,358.725081,1,0,7,81.59,0,358.725081,
A,Task 4,527071cd-f4de-4bfd-b66e-acab5e0b0891,20260413,2026041308,1,0,11,101.93,0,95.020481,1,0,11,101.93,0,95.020481,
A,Task 8,312f6d2c-0fd1-49bf-9cdc-796b4fe40014,20260410,2026041014,1,0,9,23.68,0,87.262743,1,0,9,23.68,0,87.262743,
A,Task 1,dad2e445-bc78-418e-8e87-8a74472ff0c0,20260412,2026041217,1,0,4,59.4,0,207.5698,1,0,4,59.4,0,207.5698,
A,Task 4,c1d66a60-6d8f-435e-8416-80cc970e99bd,20260413,2026041316,1,0,8,82.76,0,251.888624,1,0,8,82.76,0,251.888624,
B,(not set),335e2924-231c-46f6-82a0-caa4482aee18,20260414,2026041405,1,0,1,0,3,377.931148,1,0,1,0,3,377.931148,
A,Task 4,61685f87-8eca-4bbe-9bb4-65f3497fb83b,20260416,2026041608,1,0,5,308.48,0,335.585207,1,0,5,308.48,0,335.585207,
A,Task 3,92495f81-0daa-4f5c-afa9-5e951c85e1a6,20260410,2026041008,1,0,3,11.18,0,41.79692,1,0,3,11.18,0,41.79692,
A,Task 6,6e39b059-1521-479a-9cc7-0f1252eee297,20260414,2026041417,1,0,7,43.8,0,98.03087,1,0,7,43.8,0,98.03087,
A,Task 1,527071cd-f4de-4bfd-b66e-acab5e0b0891,20260413,2026041320,1,0,11,18.07,0,174.313583,1,0,11,18.07,0,174.313583,
A,Task 3,61685f87-8eca-4bbe-9bb4-65f3497fb83b,20260414,2026041408,1,0,5,11.91,0,124.253962,1,0,5,11.91,0,124.253962,
B,Task 2,b9fd3906-a45c-4c5f-845f-0d106a51e505,20260411,2026041109,1,0,8,24.25,0,86.604612,1,0,8,24.25,0,86.604612,
A,(not set),75991c80-2263-40cc-9088-08a9b6cbf061,20260411,2026041100,1,0,11,0,2,377.821648,1,0,11,0,2,377.821648,
A,Task 1,338e6904-012a-4f46-9bcc-2126747cf2b0,20260406,2026040617,1,0,9,17.25,0,352.573109,1,0,9,17.25,0,352.573109,
B,Task 6,347643d3-9795-4990-a41f-7b7a2b850a17,20260414,2026041419,1,0,8,65.13,0,106.470907,1,0,8,65.13,0,106.470907,
A,Task 2,07736719-4a6f-4d13-b43b-7a27c1aed2c9,20260411,2026041116,1,0,3,19.97,0,50.058744,1,0,3,19.97,0,50.058744,
B,Task 11,67560e2f-6430-43d8-b5f4-3e6446bb6f4c,20260414,2026041408,1,0,11,51.85,0,158.166827,1,0,11,51.85,0,158.166827,
B,Task 5,f3e0fb95-e117-4c54-8f7d-7b853902fa0e,20260413,2026041315,1,0,11,165.11,0,142.979816,1,0,11,165.11,0,142.979816,
B,Task 1,deb2065d-5cbf-4b9d-bc19-e86b69867751,20260412,2026041222,1,0,1,15.8,0,238.451189,1,0,1,15.8,0,238.451189,
B,(not set),5b1948a0-c269-455a-a539-cb0d1ff75e8f,20260414,2026041421,1,0,6,0,3,285.979659,1,0,6,0,3,285.979659,
A,Task 2,efdfc207-8b99-4e43-956f-9953262fb4c9,20260416,2026041612,1,0,8,19.54,0,233.644052,1,0,8,19.54,0,233.644052,
B,Task 3,b9fd3906-a45c-4c5f-845f-0d106a51e505,20260411,2026041122,1,0,8,26.7,0,112.776665,1,0,8,26.7,0,112.776665,
A,Task 2,dad2e445-bc78-418e-8e87-8a74472ff0c0,20260412,2026041209,1,0,4,74.81,0,91.911729,1,0,4,74.81,0,91.911729,
B,Task 2,a68893f3-71a3-45b7-934f-d6d5217313c2,20260410,2026041019,1,0,10,1155.39,0,282.75287,1,0,10,1155.39,0,282.75287,
A,Task 5,92f6abca-4901-46e2-8da6-7989cf2bb09b,20260411,2026041101,1,0,8,12.68,0,264.323593,1,0,8,12.68,0,264.323593,
B,(not set),17c25a56-4479-45d9-9fc6-0513a0516070,20260412,2026041220,1,0,6,0,1,293.966536,1,0,6,0,1,293.966536,
B,Task 2,f564ecb0-06ed-4940-a33c-eb02afd35956,20260414,2026041420,1,0,10,86.83,0,206.39686,1,0,10,86.83,0,206.39686,
B,Task 6,b9fd3906-a45c-4c5f-845f-0d106a51e505,20260413,2026041317,1,0,8,5.01,0,256.471474,1,0,8,5.01,0,256.471474,
A,Task 2,75991c80-2263-40cc-9088-08a9b6cbf061,20260411,2026041100,1,0,11,327.5,0,309.721127,1,0,11,327.5,0,309.721127,
B,Task 5,10037e18-7099-4d6c-a325-e5f58d7e25b8,20260413,2026041317,1,0,6,30.9,0,386.084624,1,0,6,30.9,0,386.084624,
A,Task 3,efdfc207-8b99-4e43-956f-9953262fb4c9,20260414,2026041421,1,0,8,12.98,0,285.75899,1,0,8,12.98,0,285.75899,
B,Task 1,d31d1806-41a7-4ea4-ba35-cec7699ed502,20260413,2026041309,1,0,3,12.16,0,371.568874,1,0,3,12.16,0,371.568874,
B,Task 2,9250495e-d8a5-4032-a3fd-6aa8600399dc,20260414,2026041412,1,0,8,72.35,0,321.926031,1,0,8,72.35,0,321.926031,
A,(not set),4843554a-58dc-4ee5-813d-e341643c1f8c,20260416,2026041612,1,0,5,0,4,392.071507,1,0,5,0,4,392.071507,
A,Task 1,2de8cc83-0be3-45be-978b-6f664ecc8abb,20260414,2026041405,1,0,3,75.86,0,144.80603,1,0,3,75.86,0,144.80603,
A,Task 3,91403172-179f-4099-b087-329f900f2ddb,20260407,2026040716,1,0,6,14.3,0,250.68799,1,0,6,14.3,0,250.68799,
A,Task 5,efdfc207-8b99-4e43-956f-9953262fb4c9,20260415,2026041517,1,0,8,33.96,0,24.466986,1,0,8,33.96,0,24.466986,
A,Task 1,dd2bac66-02f6-4003-bd0e-c259612b3747,20260413,2026041311,1,0,2,11.33,0,237.110573,1,0,2,11.33,0,237.110573,
A,Task 6,431d29b1-6c40-4358-91b7-aa9cbb71b247,20260411,2026041101,1,0,8,241.74,0,100.938724,1,0,8,241.74,0,100.938724,
A,Task 10,75991c80-2263-40cc-9088-08a9b6cbf061,20260411,2026041100,1,0,11,17.29,0,26.636446,1,0,11,17.29,0,26.636446,
B,Task 8,9250495e-d8a5-4032-a3fd-6aa8600399dc,20260414,2026041410,1,0,8,17.39,0,289.374206,1,0,8,17.39,0,289.374206,
B,(not set),112af536-c112-4c07-93ef-28548e7d7224,20260408,2026040809,1,0,5,0,3,405.30006,1,0,5,0,3,405.30006,
A,(not set),338e6904-012a-4f46-9bcc-2126747cf2b0,20260406,2026040617,1,0,9,0,3,226.618695,1,0,9,0,3,226.618695,
B,Task 2,d31d1806-41a7-4ea4-ba35-cec7699ed502,20260414,2026041416,1,0,3,27.33,0,210.68236,1,0,3,27.33,0,210.68236,
A,Task 1,4843554a-58dc-4ee5-813d-e341643c1f8c,20260414,2026041412,1,0,5,22.62,0,265.647175,1,0,5,22.62,0,265.647175,
B,(not set),be32938a-1289-4605-b608-983856893e60,20260409,2026040918,1,0,10,0,2,80.844228,1,0,10,0,2,80.844228,
B,Task 10,0f1be914-7fb3-48b0-99de-40113d800b6d,20260406,2026040618,1,0,11,68.47,0,60.033291,1,0,11,68.47,0,60.033291,
B,Task 2,112af536-c112-4c07-93ef-28548e7d7224,20260408,2026040809,1,0,5,86.92,0,49.335255,1,0,5,86.92,0,49.335255,
B,Task 7,b9fd3906-a45c-4c5f-845f-0d106a51e505,20260411,2026041111,1,0,8,19.76,0,339.652544,1,0,8,19.76,0,339.652544,
A,(not set),8b005b38-f501-4aaa-ae7a-297a9116d41f,20260413,2026041312,1,0,11,0,4,50.327283,1,0,11,0,4,50.327283,
B,Task 1,ea371272-0696-414c-a6a7-c67f6be5a35b,20260413,2026041320,1,0,7,7.81,0,25.339372,1,0,7,7.81,0,25.339372,
A,Task 9,8b005b38-f501-4aaa-ae7a-297a9116d41f,20260413,2026041311,1,0,11,63.96,0,181.153729,1,0,11,63.96,0,181.153729,
B,Task 7,0f1be914-7fb3-48b0-99de-40113d800b6d,20260406,2026040619,1,0,11,21.44,0,51.122977,1,0,11,21.44,0,51.122977,
B,Task 8,f564ecb0-06ed-4940-a33c-eb02afd35956,20260414,2026041412,1,0,10,12.72,0,97.411313,1,0,10,12.72,0,97.411313,
B,(not set),a78fc5c9-093b-4ffb-b81c-96e0fcc620c6,20260408,2026040816,1,0,5,0,3,222.676955,1,0,5,0,3,222.676955,
A,Task 8,8b005b38-f501-4aaa-ae7a-297a9116d41f,20260413,2026041311,1,0,11,13.85,0,101.81643,1,0,11,13.85,0,101.81643,
A,Task 4,efdfc207-8b99-4e43-956f-9953262fb4c9,20260414,2026041413,1,0,8,13.83,0,356.20126,1,0,8,13.83,0,356.20126,
A,Task 5,2292ac62-e8b6-4bbe-9c31-d77f0639471b,20260413,2026041308,1,0,5,5.01,0,379.607873,1,0,5,5.01,0,379.607873,
A,Task 7,312f6d2c-0fd1-49bf-9cdc-796b4fe40014,20260410,2026041010,1,0,9,12.81,0,258.575659,1,0,9,12.81,0,258.575659,
B,Task 7,e051f43e-bc41-493d-ba40-0813d6d200e0,20260414,2026041408,1,0,9,19.52,0,375.347668,1,0,9,19.52,0,375.347668,
A,Task 7,c1d66a60-6d8f-435e-8416-80cc970e99bd,20260413,2026041316,1,0,8,16.51,0,66.996781,1,0,8,16.51,0,66.996781,
A,Task 2,431d29b1-6c40-4358-91b7-aa9cbb71b247,20260411,2026041101,1,0,8,25.99,0,145.160008,1,0,8,25.99,0,145.160008,
A,Task 8,338e6904-012a-4f46-9bcc-2126747cf2b0,20260406,2026040617,1,0,9,6.09,0,203.942436,1,0,9,6.09,0,203.942436,
B,Task 1,1edd2000-ca74-4728-8ed4-466cf163182f,20260407,2026040719,1,0,8,23.08,0,236.112377,1,0,8,23.08,0,236.112377,
B,Task 7,908baec7-b221-4b1e-824e-c3004e8e5b5f,20260414,2026041421,1,0,7,63.19,0,12.121337,1,0,7,63.19,0,12.121337,
A,Task 7,efdfc207-8b99-4e43-956f-9953262fb4c9,20260414,2026041413,1,0,8,12.18,0,207.95458,1,0,8,12.18,0,207.95458,
B,Task 3,a5c1d3a5-0f3f-4aca-8469-0e6e44ffe292,20260406,2026040613,1,0,3,26.53,0,219.207249,1,0,3,26.53,0,219.207249,
B,Task 10,67560e2f-6430-43d8-b5f4-3e6446bb6f4c,20260414,2026041416,1,0,11,21.45,0,360.804565,1,0,11,21.45,0,360.804565,
B,(not set),67560e2f-6430-43d8-b5f4-3e6446bb6f4c,20260415,2026041514,1,0,11,0,3,452.946036,1,0,11,0,3,452.946036,
A,(not set),c1d66a60-6d8f-435e-8416-80cc970e99bd,20260413,2026041316,1,0,8,0,2,367.551075,1,0,8,0,2,367.551075,
A,(not set),25ba505d-a459-45da-b6e2-cbdc2934c87e,20260413,2026041310,1,0,1,0,3,277.047794,1,0,1,0,3,277.047794,
(not set),(not set),(not set),20260411,2026041100,2,0,0,0,0,611.041348,2,0,0,0,0,611.041348,
B,Task 3,112af536-c112-4c07-93ef-28548e7d7224,20260406,2026040609,1,0,5,18.93,0,239.233349,1,0,5,18.93,0,239.233349,
B,(not set),1edd2000-ca74-4728-8ed4-466cf163182f,20260409,2026040916,1,0,8,0,2,187.190391,1,0,8,0,2,187.190391,
(not set),(not set),(not set),20260411,2026041109,3,0,0,0,0,778.524971,3,0,0,0,0,778.524971,
B,Task 5,1b84ad05-0d03-4816-aaec-9978e5e3002a,20260414,2026041414,1,0,6,22.54,0,102.878508,1,0,6,22.54,0,102.878508,
B,Task 4,36b1f657-89d1-42f3-bc0e-cc7293c00d7c,20260409,2026040918,1,0,4,225.43,0,257.990831,1,0,4,225.43,0,257.990831,
B,Task 6,a68893f3-71a3-45b7-934f-d6d5217313c2,20260410,2026041019,1,0,10,251.83,0,214.922146,1,0,10,251.83,0,214.922146,
A,Task 6,f32b1aa2-34ed-4bbe-b315-107a7d7247af,20260411,2026041101,1,0,8,5.96,0,103.39717,1,0,8,5.96,0,103.39717,
B,Task 5,ea371272-0696-414c-a6a7-c67f6be5a35b,20260413,2026041322,1,0,7,14.61,0,30.764844,1,0,7,14.61,0,30.764844,
A,Task 2,312f6d2c-0fd1-49bf-9cdc-796b4fe40014,20260410,2026041013,1,0,9,19.93,0,345.340315,1,0,9,19.93,0,345.340315,
A,Task 3,2292ac62-e8b6-4bbe-9c31-d77f0639471b,20260415,2026041509,1,0,5,23.9,0,186.198245,1,0,5,23.9,0,186.198245,
B,(not set),a5c1d3a5-0f3f-4aca-8469-0e6e44ffe292,20260408,2026040810,1,0,3,0,1,320.572182,1,0,3,0,1,320.572182,
B,Task 3,d31d1806-41a7-4ea4-ba35-cec7699ed502,20260413,2026041309,1,0,3,16.74,0,281.350927,1,0,3,16.74,0,281.350927,
A,Task 7,338e6904-012a-4f46-9bcc-2126747cf2b0,20260406,2026040617,1,0,9,5.36,0,207.377594,1,0,9,5.36,0,207.377594,
B,Task 1,be32938a-1289-4605-b608-983856893e60,20260407,2026040717,1,0,10,74.49,0,82.022405,1,0,10,74.49,0,82.022405,
B,Task 1,36b1f657-89d1-42f3-bc0e-cc7293c00d7c,20260407,2026040711,1,0,4,153.65,0,203.773167,1,0,4,153.65,0,203.773167,
B,Task 1,e051f43e-bc41-493d-ba40-0813d6d200e0,20260414,2026041417,1,0,9,37.98,0,70.25824,1,0,9,37.98,0,70.25824,
B,Task 7,0cc8e3c1-fe7e-4f3a-920c-cf7cfed7c65f,20260412,2026041218,1,0,9,66.01,0,216.545705,1,0,9,66.01,0,216.545705,
(not set),(not set),(not set),20260408,2026040815,1,0,0,0,0,73.417564,1,0,0,0,0,73.417564,
A,Task 1,2dfea0df-180c-46ca-a6b4-4e7a2b0a51e7,20260411,2026041114,1,0,1,19.3,0,291.456639,1,0,1,19.3,0,291.456639,
A,Task 1,413184e0-d61c-4db2-9114-c3731ed7dfab,20260406,2026040617,1,0,2,14.83,0,93.470494,1,0,2,14.83,0,93.470494,
B,Task 5,f564ecb0-06ed-4940-a33c-eb02afd35956,20260414,2026041417,1,0,10,42.25,0,53.686945,1,0,10,42.25,0,53.686945,
A,Task 1,5768fd9d-02f4-4527-9a97-90c4b670dc5c,20260414,2026041402,1,0,1,459.85,0,356.324666,1,0,1,459.85,0,356.324666,
A,Task 1,c1d66a60-6d8f-435e-8416-80cc970e99bd,20260413,2026041316,1,0,8,34.87,0,248.821594,1,0,8,34.87,0,248.821594,
A,Task 5,312f6d2c-0fd1-49bf-9cdc-796b4fe40014,20260412,2026041208,1,0,9,22.4,0,54.651608,1,0,9,22.4,0,54.651608,
A,Task 9,b272e368-a3ff-4e41-b589-6e13321129e2,20260413,2026041312,1,0,11,21.11,0,72.422251,1,0,11,21.11,0,72.422251,
A,Task 11,b272e368-a3ff-4e41-b589-6e13321129e2,20260413,2026041316,1,0,11,179.44,0,206.294007,1,0,11,179.44,0,206.294007,
A,Task 4,431d29b1-6c40-4358-91b7-aa9cbb71b247,20260411,2026041101,1,0,8,68.75,0,236.28825,1,0,8,68.75,0,236.28825,
A,Task 5,8cb9f2f3-2668-4cbb-bff4-0061926c2e15,20260414,2026041412,1,0,5,25.94,0,218.605387,1,0,5,25.94,0,218.605387,
B,Task 9,4e490dcb-b86d-4d3d-8196-7b211b40a1f7,20260414,2026041408,1,0,11,15.9,0,58.866191,1,0,11,15.9,0,58.866191,
B,Task 8,f3e0fb95-e117-4c54-8f7d-7b853902fa0e,20260413,2026041315,1,0,11,12.66,0,146.190104,1,0,11,12.66,0,146.190104,
B,Task 4,67560e2f-6430-43d8-b5f4-3e6446bb6f4c,20260414,2026041422,1,0,11,94.18,0,211.680966,1,0,11,94.18,0,211.680966,
A,(not set),18a0d11c-034b-4821-b5fc-6af07a34c83e,20260409,2026040920,1,0,7,0,1,499.347936,1,0,7,0,1,499.347936,
A,(not set),2dfea0df-180c-46ca-a6b4-4e7a2b0a51e7,20260411,2026041114,1,0,1,0,3,151.330688,1,0,1,0,3,151.330688,
B,Task 3,f3e0fb95-e117-4c54-8f7d-7b853902fa0e,20260413,2026041315,1,0,11,22.3,0,381.395216,1,0,11,22.3,0,381.395216,
A,Task 5,431d29b1-6c40-4358-91b7-aa9cbb71b247,20260411,2026041101,1,0,8,17.49,0,83.595665,1,0,8,17.49,0,83.595665,
B,Task 4,112af536-c112-4c07-93ef-28548e7d7224,20260407,2026040717,1,0,5,115.75,0,328.849066,1,0,5,115.75,0,328.849066,
B,Task 5,67560e2f-6430-43d8-b5f4-3e6446bb6f4c,20260415,2026041514,1,0,11,45.73,0,166.204236,1,0,11,45.73,0,166.204236,
A,(not set),f32b1aa2-34ed-4bbe-b315-107a7d7247af,20260411,2026041101,1,0,8,0,4,322.61281,1,0,8,0,4,322.61281,
B,Task 4,a68893f3-71a3-45b7-934f-d6d5217313c2,20260410,2026041019,1,0,10,359.06,0,339.484337,1,0,10,359.06,0,339.484337,
B,Task 7,ea371272-0696-414c-a6a7-c67f6be5a35b,20260413,2026041315,1,0,7,75.19,0,166.427775,1,0,7,75.19,0,166.427775,
A,Task 7,6e39b059-1521-479a-9cc7-0f1252eee297,20260414,2026041408,1,0,7,5.01,0,392.410246,1,0,7,5.01,0,392.410246,
B,Task 2,4b0ce4f8-03e6-4393-aeb9-60564236df95,20260412,2026041219,1,0,3,21.98,0,11.204545,1,0,3,21.98,0,11.204545,
(not set),(not set),(not set),20260407,2026040711,2,0,0,0,0,266.130638,2,0,0,0,0,266.130638,
A,Task 9,75991c80-2263-40cc-9088-08a9b6cbf061,20260411,2026041100,1,0,11,15.84,0,356.838524,1,0,11,15.84,0,356.838524,
B,Task 5,54a4b9c1-8dd8-4c5d-ab16-d1a0fd9782f1,20260414,2026041420,1,0,5,22.6,0,361.661828,1,0,5,22.6,0,361.661828,
A,Task 2,338e6904-012a-4f46-9bcc-2126747cf2b0,20260406,2026040617,1,0,9,60.95,0,166.896369,1,0,9,60.95,0,166.896369,
A,Task 2,91403172-179f-4099-b087-329f900f2ddb,20260407,2026040717,1,0,6,152.57,0,90.371299,1,0,6,152.57,0,90.371299,
A,(not set),431d29b1-6c40-4358-91b7-aa9cbb71b247,20260411,2026041101,1,0,8,0,3,197.574689,1,0,8,0,3,197.574689,
A,Task 8,f32b1aa2-34ed-4bbe-b315-107a7d7247af,20260411,2026041101,1,0,8,195.1,0,120.939324,1,0,8,195.1,0,120.939324,
A,Task 1,efdfc207-8b99-4e43-956f-9953262fb4c9,20260414,2026041414,1,0,8,56.15,0,335.175014,1,0,8,56.15,0,335.175014,
(not set),(not set),(not set),20260410,2026041011,2,0,0,0,0,600.205611,2,0,0,0,0,600.205611,
B,(not set),a25299df-e385-4bbe-a00d-670c806c0416,20260412,2026041222,1,0,1,0,4,368.336423,1,0,1,0,4,368.336423,
A,Task 2,dd2bac66-02f6-4003-bd0e-c259612b3747,20260413,2026041311,1,0,2,41.81,0,349.097563,1,0,2,41.81,0,349.097563,
B,Task 3,991c3ef0-ab9a-47a5-acf8-3ded91db2bf1,20260413,2026041310,1,0,8,27.67,0,318.392877,1,0,8,27.67,0,318.392877,
B,Task 1,335e2924-231c-46f6-82a0-caa4482aee18,20260414,2026041405,1,0,1,129.8,0,171.266717,1,0,1,129.8,0,171.266717,
B,Task 6,0cc8e3c1-fe7e-4f3a-920c-cf7cfed7c65f,20260414,2026041409,1,0,9,812.15,0,236.155083,1,0,9,812.15,0,236.155083,
B,Task 5,a68893f3-71a3-45b7-934f-d6d5217313c2,20260410,2026041019,1,0,10,532.33,0,167.375807,1,0,10,532.33,0,167.375807,
B,Task 1,a5c1d3a5-0f3f-4aca-8469-0e6e44ffe292,20260406,2026040608,1,0,3,11.44,0,198.195662,1,0,3,11.44,0,198.195662,
B,(not set),f3e0fb95-e117-4c54-8f7d-7b853902fa0e,20260413,2026041315,1,0,11,0,4,349.345299,1,0,11,0,4,349.345299,
B,Task 6,0f1be914-7fb3-48b0-99de-40113d800b6d,20260407,2026040719,1,0,11,255.05,0,338.137459,1,0,11,255.05,0,338.137459,
A,Task 6,efdfc207-8b99-4e43-956f-9953262fb4c9,20260414,2026041419,1,0,8,572.01,0,148.689603,1,0,8,572.01,0,148.689603,
(not set),(not set),(not set),20260412,2026041220,1,0,0,0,0,27.087663,1,0,0,0,0,27.087663,
A,Task 1,75991c80-2263-40cc-9088-08a9b6cbf061,20260411,2026041100,1,0,11,255.88,0,378.948724,1,0,11,255.88,0,378.948724,
A,Task 1,92495f81-0daa-4f5c-afa9-5e951c85e1a6,20260410,2026041014,1,0,3,12.34,0,363.502508,1,0,3,12.34,0,363.502508,
A,Task 7,527071cd-f4de-4bfd-b66e-acab5e0b0891,20260413,2026041310,1,0,11,14.97,0,272.938335,1,0,11,14.97,0,272.938335,
A,Task 2,413184e0-d61c-4db2-9114-c3731ed7dfab,20260406,2026040617,1,0,2,20.17,0,31.045177,1,0,2,20.17,0,31.045177,
A,Task 6,91403172-179f-4099-b087-329f900f2ddb,20260409,2026040915,1,0,6,5.01,0,269.83195,1,0,6,5.01,0,269.83195,
B,Task 6,9250495e-d8a5-4032-a3fd-6aa8600399dc,20260414,2026041418,1,0,8,61.51,0,207.098801,1,0,8,61.51,0,207.098801,
B,Task 6,e051f43e-bc41-493d-ba40-0813d6d200e0,20260416,2026041620,1,0,9,58.72,0,183.611709,1,0,9,58.72,0,183.611709,
A,(not set),2292ac62-e8b6-4bbe-9c31-d77f0639471b,20260415,2026041509,1,0,5,0,1,216.994382,1,0,5,0,1,216.994382,
A,Task 4,92f6abca-4901-46e2-8da6-7989cf2bb09b,20260411,2026041101,1,0,8,104.81,0,64.267101,1,0,8,104.81,0,64.267101,
B,Task 2,54a4b9c1-8dd8-4c5d-ab16-d1a0fd9782f1,20260416,2026041614,1,0,5,29.37,0,105.227263,1,0,5,29.37,0,105.227263,
A,Task 1,0d28e9a6-3fce-46c0-a5cd-a8b76bf1d331,20260412,2026041219,1,0,9,29.05,0,299.709868,1,0,9,29.05,0,299.709868,
B,Task 8,a68893f3-71a3-45b7-934f-d6d5217313c2,20260410,2026041019,1,0,10,29.58,0,57.753485,1,0,10,29.58,0,57.753485,
A,Task 3,6e39b059-1521-479a-9cc7-0f1252eee297,20260416,2026041620,1,0,7,19.48,0,50.713102,1,0,7,19.48,0,50.713102,
A,(not set),07736719-4a6f-4d13-b43b-7a27c1aed2c9,20260411,2026041116,1,0,3,0,5,176.782943,1,0,3,0,5,176.782943,
B,Task 4,b9fd3906-a45c-4c5f-845f-0d106a51e505,20260411,2026041115,1,0,8,5.01,0,24.086008,1,0,8,5.01,0,24.086008,
A,Task 2,7ebfead5-9aaa-4300-a7d0-4dba76d2732c,20260414,2026041418,1,0,3,18.47,0,119.718884,1,0,3,18.47,0,119.718884,
B,(not set),e051f43e-bc41-493d-ba40-0813d6d200e0,20260416,2026041620,1,0,9,0,2,276.686689,1,0,9,0,2,276.686689,
B,Task 1,347643d3-9795-4990-a41f-7b7a2b850a17,20260414,2026041419,1,0,8,57.43,0,304.338008,1,0,8,57.43,0,304.338008,
A,Task 1,f55491b9-a554-404f-8330-37a52f518b12,20260410,2026041017,1,0,1,103.9,0,295.844662,1,0,1,103.9,0,295.844662,
B,Task 6,f564ecb0-06ed-4940-a33c-eb02afd35956,20260414,2026041414,1,0,10,289.69,0,218.243508,1,0,10,289.69,0,218.243508,
A,Task 8,527071cd-f4de-4bfd-b66e-acab5e0b0891,20260413,2026041310,1,0,11,15.02,0,311.479778,1,0,11,15.02,0,311.479778,
B,Task 11,f12c820d-969f-4ce6-a481-57a98416fa48,20260410,2026041016,1,0,11,54.94,0,282.420343,1,0,11,54.94,0,282.420343,
B,Task 2,1edd2000-ca74-4728-8ed4-466cf163182f,20260408,2026040811,1,0,8,224.61,0,138.686492,1,0,8,224.61,0,138.686492,
A,Task 9,338e6904-012a-4f46-9bcc-2126747cf2b0,20260406,2026040617,1,0,9,6.22,0,390.91696,1,0,9,6.22,0,390.91696,
A,Task 1,6e39b059-1521-479a-9cc7-0f1252eee297,20260414,2026041413,1,0,7,328.63,0,58.598509,1,0,7,328.63,0,58.598509,
B,Task 1,991c3ef0-ab9a-47a5-acf8-3ded91db2bf1,20260413,2026041311,1,0,8,6.92,0,125.125258,1,0,8,6.92,0,125.125258,
B,Task 2,10037e18-7099-4d6c-a325-e5f58d7e25b8,20260414,2026041409,1,0,6,86.29,0,188.713072,1,0,6,86.29,0,188.713072,
A,Task 1,18a0d11c-034b-4821-b5fc-6af07a34c83e,20260407,2026040719,1,0,7,211.27,0,212.912195,1,0,7,211.27,0,212.912195,
A,Task 3,dad2e445-bc78-418e-8e87-8a74472ff0c0,20260412,2026041217,1,0,4,18.73,0,355.667386,1,0,4,18.73,0,355.667386,
(not set),(not set),(not set),20260412,2026041218,1,0,0,0,0,61.514428,1,0,0,0,0,61.514428,
A,Task 4,18a0d11c-034b-4821-b5fc-6af07a34c83e,20260407,2026040719,1,0,7,166.19,0,89.23218,1,0,7,166.19,0,89.23218,
B,Task 4,54a4b9c1-8dd8-4c5d-ab16-d1a0fd9782f1,20260414,2026041417,1,0,5,129.97,0,289.914222,1,0,5,129.97,0,289.914222,
B,Task 8,67560e2f-6430-43d8-b5f4-3e6446bb6f4c,20260414,2026041410,1,0,11,12.47,0,258.850506,1,0,11,12.47,0,258.850506,
B,Task 2,67560e2f-6430-43d8-b5f4-3e6446bb6f4c,20260414,2026041418,1,0,11,295.18,0,26.967463,1,0,11,295.18,0,26.967463,
A,Task 8,b272e368-a3ff-4e41-b589-6e13321129e2,20260415,2026041521,1,0,11,145.09,0,147.680253,1,0,11,145.09,0,147.680253,
B,Task 4,1edd2000-ca74-4728-8ed4-466cf163182f,20260407,2026040712,1,0,8,27.22,0,81.156216,1,0,8,27.22,0,81.156216,
A,Task 11,75991c80-2263-40cc-9088-08a9b6cbf061,20260411,2026041100,1,0,11,48.2,0,184.911223,1,0,11,48.2,0,184.911223,
A,(not set),dad2e445-bc78-418e-8e87-8a74472ff0c0,20260414,2026041414,1,0,4,0,4,296.382729,1,0,4,0,4,296.382729,
A,Task 1,ce9bfc46-a294-49fc-9f80-6fd29c5904e3,20260406,2026040608,1,0,8,15.69,0,33.018319,1,0,8,15.69,0,33.018319,
A,Task 10,b272e368-a3ff-4e41-b589-6e13321129e2,20260413,2026041310,1,0,11,14.81,0,337.93434,1,0,11,14.81,0,337.93434,
B,Task 1,53eb6969-97b6-4d52-9f0d-3da960c30402,20260410,2026041011,1,0,1,176.03,0,80.358042,1,0,1,176.03,0,80.358042,
(not set),(not set),(not set),20260412,2026041222,5,0,0,0,0,57.633444,5,0,0,0,0,57.633444,
A,Task 4,338e6904-012a-4f46-9bcc-2126747cf2b0,20260406,2026040617,1,0,9,5.9,0,92.85989,1,0,9,5.9,0,92.85989,
B,Task 11,0f1be914-7fb3-48b0-99de-40113d800b6d,20260406,2026040612,1,0,11,224.89,0,284.106834,1,0,11,224.89,0,284.106834,
B,Task 5,f12c820d-969f-4ce6-a481-57a98416fa48,20260411,2026041114,1,0,11,28.01,0,328.008911,1,0,11,28.01,0,328.008911,
B,Task 4,17c25a56-4479-45d9-9fc6-0513a0516070,20260412,2026041217,1,0,6,359.18,0,40.965896,1,0,6,359.18,0,40.965896,
B,Task 2,f3e0fb95-e117-4c54-8f7d-7b853902fa0e,20260413,2026041315,1,0,11,206.2,0,51.975011,1,0,11,206.2,0,51.975011,
B,Task 1,10037e18-7099-4d6c-a325-e5f58d7e25b8,20260413,2026041312,1,0,6,21.08,0,222.307224,1,0,6,21.08,0,222.307224,
A,Task 4,a6f94c94-a3bf-45a0-94f0-fd16c304661a,20260413,2026041311,1,0,5,20.06,0,105.475389,1,0,5,20.06,0,105.475389,
B,Task 2,e051f43e-bc41-493d-ba40-0813d6d200e0,20260414,2026041409,1,0,9,27.7,0,13.613405,1,0,9,27.7,0,13.613405,
B,Task 4,f12c820d-969f-4ce6-a481-57a98416fa48,20260410,2026041011,1,0,11,123.95,0,259.677729,1,0,11,123.95,0,259.677729,
B,Task 2,ad8702fd-ae56-4176-8713-6c56c6b90bde,20260412,2026041214,1,0,7,32.41,0,158.903668,1,0,7,32.41,0,158.903668,
B,Task 2,991c3ef0-ab9a-47a5-acf8-3ded91db2bf1,20260414,2026041413,1,0,8,1207.19,0,140.146849,1,0,8,1207.19,0,140.146849,
B,Task 7,f12c820d-969f-4ce6-a481-57a98416fa48,20260410,2026041022,1,0,11,17.99,0,392.4685,1,0,11,17.99,0,392.4685,
B,Task 7,67560e2f-6430-43d8-b5f4-3e6446bb6f4c,20260414,2026041417,1,0,11,5.01,0,395.848079,1,0,11,5.01,0,395.848079,
A,(not set),efdfc207-8b99-4e43-956f-9953262fb4c9,20260416,2026041612,1,0,8,0,4,317.551719,1,0,8,0,4,317.551719,
B,Task 9,f12c820d-969f-4ce6-a481-57a98416fa48,20260410,2026041009,1,0,11,15.36,0,349.392978,1,0,11,15.36,0,349.392978,
A,(not set),c4730790-cd0d-4b7d-b7c3-1ea927d4ca81,20260406,2026040617,1,0,1,0,1,478.941652,1,0,1,0,1,478.941652,
A,(not set),8cb9f2f3-2668-4cbb-bff4-0061926c2e15,20260414,2026041412,1,0,5,0,4,159.570743,1,0,5,0,4,159.570743,
B,Task 10,be32938a-1289-4605-b608-983856893e60,20260407,2026040714,1,0,10,68.1,0,204.770268,1,0,10,68.1,0,204.770268,
B,Task 1,61c551da-ce4d-45d4-813d-ab79a4362260,20260414,2026041403,1,0,1,45.24,0,247.948857,1,0,1,45.24,0,247.948857,
B,Task 3,e051f43e-bc41-493d-ba40-0813d6d200e0,20260414,2026041411,1,0,9,23.27,0,366.341766,1,0,9,23.27,0,366.341766,
A,Task 2,c1d66a60-6d8f-435e-8416-80cc970e99bd,20260413,2026041316,1,0,8,290.38,0,157.109269,1,0,8,290.38,0,157.109269,
B,Task 11,4e490dcb-b86d-4d3d-8196-7b211b40a1f7,20260416,2026041621,1,0,11,54.01,0,24.437058,1,0,11,54.01,0,24.437058,
A,Task 4,b272e368-a3ff-4e41-b589-6e13321129e2,20260413,2026041322,1,0,11,71.74,0,387.496047,1,0,11,71.74,0,387.496047,
A,Task 2,2de8cc83-0be3-45be-978b-6f664ecc8abb,20260414,2026041405,1,0,3,26.55,0,56.712611,1,0,3,26.55,0,56.712611,
A,Task 2,6e39b059-1521-479a-9cc7-0f1252eee297,20260414,2026041411,1,0,7,33.88,0,237.285255,1,0,7,33.88,0,237.285255,
B,(not set),54a4b9c1-8dd8-4c5d-ab16-d1a0fd9782f1,20260416,2026041614,1,0,5,0,3,227.752014,1,0,5,0,3,227.752014,
B,Task 7,be32938a-1289-4605-b608-983856893e60,20260407,2026040709,1,0,10,20.51,0,76.69793,1,0,10,20.51,0,76.69793,
B,Task 7,991c3ef0-ab9a-47a5-acf8-3ded91db2bf1,20260413,2026041313,1,0,8,5.01,0,273.237881,1,0,8,5.01,0,273.237881,
B,Task 4,f3e0fb95-e117-4c54-8f7d-7b853902fa0e,20260413,2026041315,1,0,11,185.07,0,350.865217,1,0,11,185.07,0,350.865217,
(not set),(not set),(not set),20260414,2026041418,1,0,0,0,0,40.7714,1,0,0,0,0,40.7714,
B,Task 4,347643d3-9795-4990-a41f-7b7a2b850a17,20260414,2026041417,1,0,8,99.55,0,385.648146,1,0,8,99.55,0,385.648146,
A,Task 2,0d28e9a6-3fce-46c0-a5cd-a8b76bf1d331,20260413,2026041321,1,0,9,18.83,0,299.970865,1,0,9,18.83,0,299.970865,
B,Task 1,a78fc5c9-093b-4ffb-b81c-96e0fcc620c6,20260407,2026040712,1,0,5,125.19,0,340.842701,1,0,5,125.19,0,340.842701,
B,Task 2,1b84ad05-0d03-4816-aaec-9978e5e3002a,20260412,2026041209,1,0,6,91.31,0,60.227212,1,0,6,91.31,0,60.227212,
A,Task 7,75991c80-2263-40cc-9088-08a9b6cbf061,20260411,2026041100,1,0,11,20.89,0,177.993582,1,0,11,20.89,0,177.993582,
B,(not set),347643d3-9795-4990-a41f-7b7a2b850a17,20260416,2026041609,1,0,8,0,1,245.184781,1,0,8,0,1,245.184781,
B,Task 9,e051f43e-bc41-493d-ba40-0813d6d200e0,20260415,2026041519,1,0,9,62.36,0,374.432212,1,0,9,62.36,0,374.432212,
B,Task 2,347643d3-9795-4990-a41f-7b7a2b850a17,20260414,2026041415,1,0,8,22.51,0,115.224967,1,0,8,22.51,0,115.224967,
B,Task 6,5b1948a0-c269-455a-a539-cb0d1ff75e8f,20260414,2026041421,1,0,6,5.01,0,173.068574,1,0,6,5.01,0,173.068574,
B,Task 2,be32938a-1289-4605-b608-983856893e60,20260407,2026040720,1,0,10,29.72,0,289.13199,1,0,10,29.72,0,289.13199,
B,Task 5,0f1be914-7fb3-48b0-99de-40113d800b6d,20260408,2026040817,1,0,11,44.29,0,258.592641,1,0,11,44.29,0,258.592641,
A,(not set),ce9bfc46-a294-49fc-9f80-6fd29c5904e3,20260408,2026040816,1,0,8,0,4,196.369888,1,0,8,0,4,196.369888,
A,Task 4,4843554a-58dc-4ee5-813d-e341643c1f8c,20260416,2026041612,1,0,5,65.32,0,165.857874,1,0,5,65.32,0,165.857874,
B,Task 1,17c25a56-4479-45d9-9fc6-0513a0516070,20260412,2026041215,1,0,6,178.97,0,73.566078,1,0,6,178.97,0,73.566078,
A,Task 1,312f6d2c-0fd1-49bf-9cdc-796b4fe40014,20260410,2026041022,1,0,9,112.47,0,172.874645,1,0,9,112.47,0,172.874645,
B,Task 8,f12c820d-969f-4ce6-a481-57a98416fa48,20260410,2026041010,1,0,11,34.75,0,236.318847,1,0,11,34.75,0,236.318847,
A,Task 5,f32b1aa2-34ed-4bbe-b315-107a7d7247af,20260411,2026041101,1,0,8,76.98,0,127.970243,1,0,8,76.98,0,127.970243,
B,Task 4,10037e18-7099-4d6c-a325-e5f58d7e25b8,20260413,2026041315,1,0,6,82.44,0,94.388194,1,0,6,82.44,0,94.388194,
A,Task 4,8cb9f2f3-2668-4cbb-bff4-0061926c2e15,20260414,2026041412,1,0,5,116.4,0,285.00466,1,0,5,116.4,0,285.00466,
A,Task 4,8b005b38-f501-4aaa-ae7a-297a9116d41f,20260413,2026041311,1,0,11,25.86,0,93.020567,1,0,11,25.86,0,93.020567,
A,Task 2,18a0d11c-034b-4821-b5fc-6af07a34c83e,20260407,2026040713,1,0,7,60.81,0,34.850072,1,0,7,60.81,0,34.850072,
B,Task 5,e051f43e-bc41-493d-ba40-0813d6d200e0,20260414,2026041419,1,0,9,32.05,0,278.541657,1,0,9,32.05,0,278.541657,
B,Task 2,36b1f657-89d1-42f3-bc0e-cc7293c00d7c,20260407,2026040711,1,0,4,93.1,0,102.871307,1,0,4,93.1,0,102.871307,
A,Task 1,07736719-4a6f-4d13-b43b-7a27c1aed2c9,20260411,2026041108,1,0,3,11.98,0,175.151874,1,0,3,11.98,0,175.151874,
A,Task 10,8b005b38-f501-4aaa-ae7a-297a9116d41f,20260413,2026041311,1,0,11,20.44,0,82.61869,1,0,11,20.44,0,82.61869,
A,Task 3,92f6abca-4901-46e2-8da6-7989cf2bb09b,20260411,2026041101,1,0,8,30.86,0,123.980426,1,0,8,30.86,0,123.980426,
A,Task 1,4c78e336-e15f-4a49-8ce9-a0fed6d221aa,20260407,2026040720,1,0,1,7.45,0,175.62182,1,0,1,7.45,0,175.62182,
B,(not set),ea371272-0696-414c-a6a7-c67f6be5a35b,20260415,2026041513,1,0,7,0,4,257.877843,1,0,7,0,4,257.877843,
B,Task 3,908baec7-b221-4b1e-824e-c3004e8e5b5f,20260415,2026041521,1,0,7,17.39,0,213.05844,1,0,7,17.39,0,213.05844,
B,(not set),d31d1806-41a7-4ea4-ba35-cec7699ed502,20260414,2026041416,1,0,3,0,5,327.507144,1,0,3,0,5,327.507144,
B,Task 5,347643d3-9795-4990-a41f-7b7a2b850a17,20260414,2026041417,1,0,8,32.27,0,150.359759,1,0,8,32.27,0,150.359759,
B,Task 1,ad8702fd-ae56-4176-8713-6c56c6b90bde,20260412,2026041208,1,0,7,76.1,0,128.337514,1,0,7,76.1,0,128.337514,
A,Task 1,92f6abca-4901-46e2-8da6-7989cf2bb09b,20260411,2026041101,1,0,8,247.25,0,36.45546,1,0,8,247.25,0,36.45546,
B,Task 7,1edd2000-ca74-4728-8ed4-466cf163182f,20260409,2026040916,1,0,8,65.65,0,363.386968,1,0,8,65.65,0,363.386968,
A,Task 2,ce9bfc46-a294-49fc-9f80-6fd29c5904e3,20260406,2026040612,1,0,8,72.02,0,290.903547,1,0,8,72.02,0,290.903547,
B,Task 4,a78fc5c9-093b-4ffb-b81c-96e0fcc620c6,20260407,2026040720,1,0,5,113.19,0,14.734792,1,0,5,113.19,0,14.734792,
A,Task 6,92f6abca-4901-46e2-8da6-7989cf2bb09b,20260411,2026041101,1,0,8,12.99,0,157.377013,1,0,8,12.99,0,157.377013,
A,Task 5,338e6904-012a-4f46-9bcc-2126747cf2b0,20260406,2026040617,1,0,9,5.32,0,202.037262,1,0,9,5.32,0,202.037262,
A,Task 1,d7dfd347-a7b7-44ad-895e-6a222c28fff8,20260406,2026040617,1,0,1,27.93,0,107.428232,1,0,1,27.93,0,107.428232,
A,Task 1,91403172-179f-4099-b087-329f900f2ddb,20260407,2026040716,1,0,6,14.29,0,256.939571,1,0,6,14.29,0,256.939571,
B,Task 4,be32938a-1289-4605-b608-983856893e60,20260407,2026040720,1,0,10,223.96,0,37.514221,1,0,10,223.96,0,37.514221,
A,(not set),0d28e9a6-3fce-46c0-a5cd-a8b76bf1d331,20260413,2026041321,1,0,9,0,4,314.101247,1,0,9,0,4,314.101247,
A,Task 4,dad2e445-bc78-418e-8e87-8a74472ff0c0,20260414,2026041414,1,0,4,63.33,0,310.232349,1,0,4,63.33,0,310.232349,
B,(not set),f12c820d-969f-4ce6-a481-57a98416fa48,20260411,2026041114,1,0,11,0,2,58.996906,1,0,11,0,2,58.996906,
B,Task 8,b9fd3906-a45c-4c5f-845f-0d106a51e505,20260411,2026041112,1,0,8,5.01,0,180.832477,1,0,8,5.01,0,180.832477,
B,Task 3,ea371272-0696-414c-a6a7-c67f6be5a35b,20260414,2026041421,1,0,7,14.87,0,83.859238,1,0,7,14.87,0,83.859238,
(not set),(not set),(not set),20260407,2026040714,2,0,0,0,0,73.546102,2,0,0,0,0,73.546102,
A,Task 1,61685f87-8eca-4bbe-9bb4-65f3497fb83b,20260414,2026041415,1,0,5,37.56,0,358.106117,1,0,5,37.56,0,358.106117,
B,Task 6,10037e18-7099-4d6c-a325-e5f58d7e25b8,20260415,2026041512,1,0,6,60.05,0,330.902737,1,0,6,60.05,0,330.902737,
B,Task 9,0cc8e3c1-fe7e-4f3a-920c-cf7cfed7c65f,20260412,2026041220,1,0,9,73.61,0,200.141372,1,0,9,73.61,0,200.141372,
A,Task 1,f32b1aa2-34ed-4bbe-b315-107a7d7247af,20260411,2026041101,1,0,8,70.52,0,193.792416,1,0,8,70.52,0,193.792416,
(not set),(not set),(not set),20260413,2026041311,5,0,0,0,0,74.538645,5,0,0,0,0,74.538645,
B,Task 2,5b1948a0-c269-455a-a539-cb0d1ff75e8f,20260413,2026041315,1,0,6,364.36,0,269.463949,1,0,6,364.36,0,269.463949,
B,Task 8,347643d3-9795-4990-a41f-7b7a2b850a17,20260414,2026041409,1,0,8,14.1,0,200.402499,1,0,8,14.1,0,200.402499,
A,Task 8,ce9bfc46-a294-49fc-9f80-6fd29c5904e3,20260406,2026040615,1,0,8,8.87,0,48.774581,1,0,8,8.87,0,48.774581,
B,(not set),0cc8e3c1-fe7e-4f3a-920c-cf7cfed7c65f,20260414,2026041409,1,0,9,0,3,330.948585,1,0,9,0,3,330.948585,
B,Task 5,be32938a-1289-4605-b608-983856893e60,20260409,2026040918,1,0,10,13.78,0,130.287362,1,0,10,13.78,0,130.287362,
B,Task 1,f564ecb0-06ed-4940-a33c-eb02afd35956,20260414,2026041420,1,0,10,16.71,0,387.848467,1,0,10,16.71,0,387.848467,
(not set),(not set),(not set),20260412,2026041222,1,0,0,0,0,49.825096,1,0,0,0,0,49.825096,
A,Task 6,312f6d2c-0fd1-49bf-9cdc-796b4fe40014,20260410,2026041016,1,0,9,8.94,0,260.776232,1,0,9,8.94,0,260.776232,
B,(not set),0f1be914-7fb3-48b0-99de-40113d800b6d,20260408,2026040817,1,0,11,0,1,202.673733,1,0,11,0,1,202.673733,
A,Task 2,92f6abca-4901-46e2-8da6-7989cf2bb09b,20260411,2026041101,1,0,8,82.2,0,189.238781,1,0,8,82.2,0,189.238781,
A,Task 3,312f6d2c-0fd1-49bf-9cdc-796b4fe40014,20260410,2026041013,1,0,9,22.51,0,342.014083,1,0,9,22.51,0,342.014083,
B,Task 6,67560e2f-6430-43d8-b5f4-3e6446bb6f4c,20260414,2026041420,1,0,11,15.8,0,354.626773,1,0,11,15.8,0,354.626773,
B,Task 3,36b1f657-89d1-42f3-bc0e-cc7293c00d7c,20260407,2026040722,1,0,4,23.85,0,72.319316,1,0,4,23.85,0,72.319316,
A,Task 5,b272e368-a3ff-4e41-b589-6e13321129e2,20260413,2026041312,1,0,11,115.45,0,280.736336,1,0,11,115.45,0,280.736336,
B,Task 2,6c3a7402-266c-42a2-b39d-aaddd0dc3427,20260412,2026041213,1,0,5,102.58,0,393.342951,1,0,5,102.58,0,393.342951,
B,Task 6,f12c820d-969f-4ce6-a481-57a98416fa48,20260410,2026041021,1,0,11,5.01,0,382.413729,1,0,11,5.01,0,382.413729,
B,Task 3,5b1948a0-c269-455a-a539-cb0d1ff75e8f,20260412,2026041216,1,0,6,19.86,0,141.500447,1,0,6,19.86,0,141.500447,
B,Task 1,0f1be914-7fb3-48b0-99de-40113d800b6d,20260406,2026040617,1,0,11,137.58,0,310.585877,1,0,11,137.58,0,310.585877,
A,Task 1,a6f94c94-a3bf-45a0-94f0-fd16c304661a,20260413,2026041311,1,0,5,5.79,0,39.320462,1,0,5,5.79,0,39.320462,
A,(not set),7ebfead5-9aaa-4300-a7d0-4dba76d2732c,20260416,2026041608,1,0,3,0,4,346.98232,1,0,3,0,4,346.98232,
A,Task 7,18a0d11c-034b-4821-b5fc-6af07a34c83e,20260407,2026040710,1,0,7,5.01,0,109.344315,1,0,7,5.01,0,109.344315,
A,Task 2,527071cd-f4de-4bfd-b66e-acab5e0b0891,20260413,2026041317,1,0,11,71.38,0,51.155463,1,0,11,71.38,0,51.155463,
A,(not set),b272e368-a3ff-4e41-b589-6e13321129e2,20260415,2026041521,1,0,11,0,4,263.559069,1,0,11,0,4,263.559069,
A,(not set),527071cd-f4de-4bfd-b66e-acab5e0b0891,20260415,2026041514,1,0,11,0,4,478.789495,1,0,11,0,4,478.789495,
(not set),(not set),(not set),20260410,2026041022,2,0,0,0,0,412.353001,2,0,0,0,0,412.353001,
A,Task 2,61685f87-8eca-4bbe-9bb4-65f3497fb83b,20260414,2026041415,1,0,5,243.16,0,254.848102,1,0,5,243.16,0,254.848102,
B,Task 3,4b0ce4f8-03e6-4393-aeb9-60564236df95,20260413,2026041314,1,0,3,9.2,0,148.815777,1,0,3,9.2,0,148.815777,
A,Task 2,a6f94c94-a3bf-45a0-94f0-fd16c304661a,20260413,2026041311,1,0,5,26.88,0,285.006637,1,0,5,26.88,0,285.006637,
A,Task 6,0d28e9a6-3fce-46c0-a5cd-a8b76bf1d331,20260412,2026041220,1,0,9,9.36,0,316.650919,1,0,9,9.36,0,316.650919,
A,(not set),d7dfd347-a7b7-44ad-895e-6a222c28fff8,20260406,2026040617,1,0,1,0,3,477.876883,1,0,1,0,3,477.876883,
A,(not set),b0a8979f-b927-48d1-ab5a-96c3346fd576,20260406,2026040617,1,0,1,0,5,70.974827,1,0,1,0,5,70.974827,
B,Task 3,347643d3-9795-4990-a41f-7b7a2b850a17,20260414,2026041419,1,0,8,30.58,0,160.082151,1,0,8,30.58,0,160.082151,
A,Task 8,0d28e9a6-3fce-46c0-a5cd-a8b76bf1d331,20260412,2026041215,1,0,9,8.25,0,100.276615,1,0,9,8.25,0,100.276615,
A,Task 6,338e6904-012a-4f46-9bcc-2126747cf2b0,20260406,2026040617,1,0,9,5.57,0,389.355915,1,0,9,5.57,0,389.355915,
B,Task 5,112af536-c112-4c07-93ef-28548e7d7224,20260406,2026040618,1,0,5,20.73,0,157.223793,1,0,5,20.73,0,157.223793,
A,Task 6,c1d66a60-6d8f-435e-8416-80cc970e99bd,20260413,2026041316,1,0,8,57.71,0,355.844468,1,0,8,57.71,0,355.844468,
B,Task 1,4b0ce4f8-03e6-4393-aeb9-60564236df95,20260412,2026041209,1,0,3,17.19,0,195.994036,1,0,3,17.19,0,195.994036,
(not set),(not set),(not set),20260412,2026041215,1,0,0,0,0,152.56328,1,0,0,0,0,152.56328,
B,Task 1,a68893f3-71a3-45b7-934f-d6d5217313c2,20260410,2026041019,1,0,10,29.73,0,390.378781,1,0,10,29.73,0,390.378781,
A,Task 5,6e39b059-1521-479a-9cc7-0f1252eee297,20260414,2026041419,1,0,7,134.63,0,72.002799,1,0,7,134.63,0,72.002799,
(not set),(not set),(not set),20260407,2026040722,2,0,0,0,0,381.349383,2,0,0,0,0,381.349383,
B,Task 3,f12c820d-969f-4ce6-a481-57a98416fa48,20260410,2026041019,1,0,11,5.01,0,289.220019,1,0,11,5.01,0,289.220019,
A,Task 4,75991c80-2263-40cc-9088-08a9b6cbf061,20260411,2026041100,1,0,11,119.16,0,343.531629,1,0,11,119.16,0,343.531629,
A,Task 2,8cb9f2f3-2668-4cbb-bff4-0061926c2e15,20260414,2026041412,1,0,5,93.97,0,173.398136,1,0,5,93.97,0,173.398136,
A,Task 5,527071cd-f4de-4bfd-b66e-acab5e0b0891,20260413,2026041318,1,0,11,5.01,0,211.133695,1,0,11,5.01,0,211.133695,
A,Task 7,f32b1aa2-34ed-4bbe-b315-107a7d7247af,20260411,2026041101,1,0,8,17.74,0,231.66397,1,0,8,17.74,0,231.66397,
B,Task 2,0f1be914-7fb3-48b0-99de-40113d800b6d,20260406,2026040621,1,0,11,90.75,0,137.412426,1,0,11,90.75,0,137.412426,
A,Task 7,b272e368-a3ff-4e41-b589-6e13321129e2,20260413,2026041318,1,0,11,14.38,0,286.200892,1,0,11,14.38,0,286.200892,
A,(not set),91403172-179f-4099-b087-329f900f2ddb,20260409,2026040915,1,0,6,0,5,191.006653,1,0,6,0,5,191.006653,
B,(not set),4b0ce4f8-03e6-4393-aeb9-60564236df95,20260413,2026041314,1,0,3,0,1,189.868043,1,0,3,0,1,189.868043,
A,Task 5,c1d66a60-6d8f-435e-8416-80cc970e99bd,20260413,2026041316,1,0,8,5.67,0,135.807506,1,0,8,5.67,0,135.807506,
B,Task 4,5b1948a0-c269-455a-a539-cb0d1ff75e8f,20260412,2026041209,1,0,6,211.41,0,248.403198,1,0,6,211.41,0,248.403198,
A,Task 3,f32b1aa2-34ed-4bbe-b315-107a7d7247af,20260411,2026041101,1,0,8,15.17,0,252.498113,1,0,8,15.17,0,252.498113,
B,Task 1,54a4b9c1-8dd8-4c5d-ab16-d1a0fd9782f1,20260414,2026041419,1,0,5,21.04,0,44.644963,1,0,5,21.04,0,44.644963,
B,Task 3,a68893f3-71a3-45b7-934f-d6d5217313c2,20260410,2026041019,1,0,10,29.38,0,251.372585,1,0,10,29.38,0,251.372585,
A,Task 2,2292ac62-e8b6-4bbe-9c31-d77f0639471b,20260413,2026041315,1,0,5,21.87,0,235.327555,1,0,5,21.87,0,235.327555,
B,Task 1,f3e0fb95-e117-4c54-8f7d-7b853902fa0e,20260413,2026041314,1,0,11,133.23,0,390.723282,1,0,11,133.23,0,390.723282,
A,(not set),dd2bac66-02f6-4003-bd0e-c259612b3747,20260413,2026041311,1,0,2,0,4,495.24275,1,0,2,0,4,495.24275,
B,Task 3,6c3a7402-266c-42a2-b39d-aaddd0dc3427,20260414,2026041421,1,0,5,32.01,0,287.313048,1,0,5,32.01,0,287.313048,
A,Task 4,f32b1aa2-34ed-4bbe-b315-107a7d7247af,20260411,2026041101,1,0,8,209.16,0,362.63508,1,0,8,209.16,0,362.63508,
A,Task 2,f32b1aa2-34ed-4bbe-b315-107a7d7247af,20260411,2026041101,1,0,8,74.53,0,267.357625,1,0,8,74.53,0,267.357625,
A,Task 1,2292ac62-e8b6-4bbe-9c31-d77f0639471b,20260413,2026041322,1,0,5,36.42,0,332.822435,1,0,5,36.42,0,332.822435,
B,Task 7,ad8702fd-ae56-4176-8713-6c56c6b90bde,20260412,2026041214,1,0,7,59.98,0,133.559923,1,0,7,59.98,0,133.559923,
A,Task 7,0d28e9a6-3fce-46c0-a5cd-a8b76bf1d331,20260412,2026041213,1,0,9,13.95,0,73.461492,1,0,9,13.95,0,73.461492,
A,Task 9,312f6d2c-0fd1-49bf-9cdc-796b4fe40014,20260411,2026041109,1,0,9,12.43,0,81.757123,1,0,9,12.43,0,81.757123,
A,Task 8,efdfc207-8b99-4e43-956f-9953262fb4c9,20260414,2026041416,1,0,8,161.95,0,67.28043,1,0,8,161.95,0,67.28043,
A,Task 5,ce9bfc46-a294-49fc-9f80-6fd29c5904e3,20260406,2026040610,1,0,8,32.47,0,194.740377,1,0,8,32.47,0,194.740377,
B,Task 10,a68893f3-71a3-45b7-934f-d6d5217313c2,20260410,2026041019,1,0,10,45.23,0,258.8764,1,0,10,45.23,0,258.8764,
A,Task 1,25ba505d-a459-45da-b6e2-cbdc2934c87e,20260413,2026041310,1,0,1,33.55,0,393.986819,1,0,1,33.55,0,393.986819,
A,Task 8,75991c80-2263-40cc-9088-08a9b6cbf061,20260411,2026041100,1,0,11,10.88,0,46.879532,1,0,11,10.88,0,46.879532,
A,Task 5,61685f87-8eca-4bbe-9bb4-65f3497fb83b,20260415,2026041511,1,0,5,436.38,0,186.428585,1,0,5,436.38,0,186.428585,
B,(not set),36b1f657-89d1-42f3-bc0e-cc7293c00d7c,20260409,2026040918,1,0,4,0,4,91.885681,1,0,4,0,4,91.885681,
B,Task 3,1b84ad05-0d03-4816-aaec-9978e5e3002a,20260412,2026041222,1,0,6,25.32,0,143.178892,1,0,6,25.32,0,143.178892,
B,(not set),61c551da-ce4d-45d4-813d-ab79a4362260,20260414,2026041403,1,0,1,0,5,338.790366,1,0,1,0,5,338.790366,
B,Task 8,be32938a-1289-4605-b608-983856893e60,20260407,2026040716,1,0,10,15.08,0,392.139375,1,0,10,15.08,0,392.139375,
B,Task 3,54a4b9c1-8dd8-4c5d-ab16-d1a0fd9782f1,20260414,2026041417,1,0,5,22.23,0,335.281201,1,0,5,22.23,0,335.281201,
A,Task 11,8b005b38-f501-4aaa-ae7a-297a9116d41f,20260413,2026041312,1,0,11,46.04,0,87.377311,1,0,11,46.04,0,87.377311,
B,Task 8,4e490dcb-b86d-4d3d-8196-7b211b40a1f7,20260414,2026041408,1,0,11,23.21,0,317.299395,1,0,11,23.21,0,317.299395,
B,Task 10,f12c820d-969f-4ce6-a481-57a98416fa48,20260410,2026041019,1,0,11,18.07,0,278.574133,1,0,11,18.07,0,278.574133,
B,Task 5,a78fc5c9-093b-4ffb-b81c-96e0fcc620c6,20260407,2026040710,1,0,5,14.29,0,129.56013,1,0,5,14.29,0,129.56013,
B,Task 1,f12c820d-969f-4ce6-a481-57a98416fa48,20260410,2026041009,1,0,11,41.41,0,178.429286,1,0,11,41.41,0,178.429286,
B,Task 1,67560e2f-6430-43d8-b5f4-3e6446bb6f4c,20260414,2026041413,1,0,11,280.68,0,173.276279,1,0,11,280.68,0,173.276279,
B,Task 5,908baec7-b221-4b1e-824e-c3004e8e5b5f,20260414,2026041421,1,0,7,5.01,0,134.523125,1,0,7,5.01,0,134.523125,
B,Task 1,b9fd3906-a45c-4c5f-845f-0d106a51e505,20260411,2026041108,1,0,8,18.46,0,231.445044,1,0,8,18.46,0,231.445044,
A,Task 5,4843554a-58dc-4ee5-813d-e341643c1f8c,20260414,2026041413,1,0,5,138.48,0,368.282397,1,0,5,138.48,0,368.282397,
A,Task 3,07736719-4a6f-4d13-b43b-7a27c1aed2c9,20260411,2026041109,1,0,3,13.2,0,83.346722,1,0,3,13.2,0,83.346722,
(not set),(not set),(not set),20260407,2026040716,2,0,0,0,0,745.402833,2,0,0,0,0,745.402833,
B,Task 4,6c3a7402-266c-42a2-b39d-aaddd0dc3427,20260412,2026041208,1,0,5,21.16,0,104.870312,1,0,5,21.16,0,104.870312,
(not set),(not set),(not set),20260413,2026041313,5,0,0,0,0,267.343562,5,0,0,0,0,267.343562,
B,Task 8,0cc8e3c1-fe7e-4f3a-920c-cf7cfed7c65f,20260412,2026041218,1,0,9,16.62,0,54.072097,1,0,9,16.62,0,54.072097,
B,Task 5,991c3ef0-ab9a-47a5-acf8-3ded91db2bf1,20260413,2026041318,1,0,8,561.25,0,254.893175,1,0,8,561.25,0,254.893175,
B,Task 2,17c25a56-4479-45d9-9fc6-0513a0516070,20260412,2026041220,1,0,6,102.4,0,315.447053,1,0,6,102.4,0,315.447053,
A,Task 6,75991c80-2263-40cc-9088-08a9b6cbf061,20260411,2026041100,1,0,11,12.5,0,215.644,1,0,11,12.5,0,215.644,
B,Task 6,be32938a-1289-4605-b608-983856893e60,20260407,2026040720,1,0,10,869.89,0,326.744016,1,0,10,869.89,0,326.744016,
A,Task 6,18a0d11c-034b-4821-b5fc-6af07a34c83e,20260409,2026040920,1,0,7,41.95,0,277.047956,1,0,7,41.95,0,277.047956,
B,Task 10,4e490dcb-b86d-4d3d-8196-7b211b40a1f7,20260414,2026041412,1,0,11,16.91,0,173.499838,1,0,11,16.91,0,173.499838,
(not set),(not set),(not set),20260414,2026041421,5,0,0,0,0,754.910505,5,0,0,0,0,754.910505,
B,Task 3,10037e18-7099-4d6c-a325-e5f58d7e25b8,20260413,2026041318,1,0,6,5.01,0,387.480685,1,0,6,5.01,0,387.480685,
A,Task 3,a6f94c94-a3bf-45a0-94f0-fd16c304661a,20260413,2026041311,1,0,5,8.26,0,164.764468,1,0,5,8.26,0,164.764468,
A,(not set),f55491b9-a554-404f-8330-37a52f518b12,20260410,2026041017,1,0,1,0,5,213.32405,1,0,1,0,5,213.32405,
B,Task 4,ea371272-0696-414c-a6a7-c67f6be5a35b,20260415,2026041513,1,0,7,93.97,0,44.258917,1,0,7,93.97,0,44.258917,
B,(not set),908baec7-b221-4b1e-824e-c3004e8e5b5f,20260415,2026041521,1,0,7,0,5,71.010681,1,0,7,0,5,71.010681,
(not set),(not set),(not set),20260410,2026041010,2,0,0,0,0,458.940741,2,0,0,0,0,458.940741,
B,Task 7,9250495e-d8a5-4032-a3fd-6aa8600399dc,20260415,2026041518,1,0,8,67.42,0,105.813178,1,0,8,67.42,0,105.813178,
B,(not set),deb2065d-5cbf-4b9d-bc19-e86b69867751,20260412,2026041222,1,0,1,0,3,249.619577,1,0,1,0,3,249.619577,
B,Task 1,6c3a7402-266c-42a2-b39d-aaddd0dc3427,20260412,2026041214,1,0,5,135.59,0,236.903503,1,0,5,135.59,0,236.903503,
B,Task 8,e051f43e-bc41-493d-ba40-0813d6d200e0,20260414,2026041410,1,0,9,32.64,0,311.877537,1,0,9,32.64,0,311.877537,
A,Task 3,527071cd-f4de-4bfd-b66e-acab5e0b0891,20260414,2026041419,1,0,11,21.07,0,344.904676,1,0,11,21.07,0,344.904676,
B,Task 4,0f1be914-7fb3-48b0-99de-40113d800b6d,20260406,2026040608,1,0,11,219.18,0,168.66124,1,0,11,219.18,0,168.66124,
B,Task 5,9250495e-d8a5-4032-a3fd-6aa8600399dc,20260414,2026041414,1,0,8,564.63,0,209.96741,1,0,8,564.63,0,209.96741,
A,(not set),4c78e336-e15f-4a49-8ce9-a0fed6d221aa,20260407,2026040720,1,0,1,0,2,131.627402,1,0,1,0,2,131.627402,
B,Task 6,991c3ef0-ab9a-47a5-acf8-3ded91db2bf1,20260415,2026041508,1,0,8,55.68,0,39.59017,1,0,8,55.68,0,39.59017,
A,(not set),6e39b059-1521-479a-9cc7-0f1252eee297,20260416,2026041620,1,0,7,0,3,337.516553,1,0,7,0,3,337.516553,
A,(not set),2e1b241d-f965-49a8-961b-53fb0f71800a,20260407,2026040720,1,0,1,0,5,430.626533,1,0,1,0,5,430.626533,
B,Task 1,9250495e-d8a5-4032-a3fd-6aa8600399dc,20260414,2026041413,1,0,8,46.52,0,398.317119,1,0,8,46.52,0,398.317119,
A,Task 5,8b005b38-f501-4aaa-ae7a-297a9116d41f,20260413,2026041311,1,0,11,41.57,0,251.760535,1,0,11,41.57,0,251.760535,
A,Task 3,8b005b38-f501-4aaa-ae7a-297a9116d41f,20260413,2026041311,1,0,11,23.82,0,73.625589,1,0,11,23.82,0,73.625589,
B,Task 2,a5c1d3a5-0f3f-4aca-8469-0e6e44ffe292,20260408,2026040810,1,0,3,94.17,0,257.231408,1,0,3,94.17,0,257.231408,
(not set),(not set),(not set),20260410,2026041016,2,0,0,0,0,685.890829,2,0,0,0,0,685.890829,
B,Task 8,991c3ef0-ab9a-47a5-acf8-3ded91db2bf1,20260413,2026041311,1,0,8,32.8,0,19.619138,1,0,8,32.8,0,19.619138,
B,Task 2,f12c820d-969f-4ce6-a481-57a98416fa48,20260410,2026041014,1,0,11,25.4,0,314.519895,1,0,11,25.4,0,314.519895,
(not set),(not set),(not set),20260408,2026040816,2,0,0,0,0,699.201904,2,0,0,0,0,699.201904,
A,Task 1,b0a8979f-b927-48d1-ab5a-96c3346fd576,20260406,2026040617,1,0,1,19.84,0,286.388969,1,0,1,19.84,0,286.388969,
A,Task 6,8b005b38-f501-4aaa-ae7a-297a9116d41f,20260413,2026041311,1,0,11,54.37,0,228.253288,1,0,11,54.37,0,228.253288,
A,Task 6,527071cd-f4de-4bfd-b66e-acab5e0b0891,20260413,2026041313,1,0,11,194.66,0,72.944394,1,0,11,194.66,0,72.944394,
B,Task 6,17c25a56-4479-45d9-9fc6-0513a0516070,20260412,2026041209,1,0,6,5.01,0,152.597221,1,0,6,5.01,0,152.597221,
B,Task 3,f564ecb0-06ed-4940-a33c-eb02afd35956,20260416,2026041608,1,0,10,30.87,0,233.774175,1,0,10,30.87,0,233.774175,
B,Task 3,4e490dcb-b86d-4d3d-8196-7b211b40a1f7,20260414,2026041413,1,0,11,34.05,0,44.721726,1,0,11,34.05,0,44.721726,
A,Task 3,2de8cc83-0be3-45be-978b-6f664ecc8abb,20260414,2026041405,1,0,3,18.97,0,345.676402,1,0,3,18.97,0,345.676402,
B,Task 8,1edd2000-ca74-4728-8ed4-466cf163182f,20260407,2026040721,1,0,8,21.72,0,79.199845,1,0,8,21.72,0,79.199845,
A,Task 9,527071cd-f4de-4bfd-b66e-acab5e0b0891,20260413,2026041311,1,0,11,13.2,0,119.95618,1,0,11,13.2,0,119.95618,
A,Task 3,b272e368-a3ff-4e41-b589-6e13321129e2,20260413,2026041318,1,0,11,7.37,0,370.246768,1,0,11,7.37,0,370.246768,
B,Task 10,f3e0fb95-e117-4c54-8f7d-7b853902fa0e,20260413,2026041315,1,0,11,61.41,0,289.833241,1,0,11,61.41,0,289.833241,
A,Task 3,7ebfead5-9aaa-4300-a7d0-4dba76d2732c,20260416,2026041608,1,0,3,5.01,0,325.832605,1,0,3,5.01,0,325.832605,
A,Task 1,c4730790-cd0d-4b7d-b7c3-1ea927d4ca81,20260406,2026040617,1,0,1,64.9,0,341.206155,1,0,1,64.9,0,341.206155,
(not set),(not set),(not set),20260406,2026040612,2,0,0,0,0,131.870832,2,0,0,0,0,131.870832,
B,Task 9,67560e2f-6430-43d8-b5f4-3e6446bb6f4c,20260414,2026041412,1,0,11,78.34,0,91.305026,1,0,11,78.34,0,91.305026,
A,Task 5,18a0d11c-034b-4821-b5fc-6af07a34c83e,20260407,2026040718,1,0,7,413.21,0,143.143531,1,0,7,413.21,0,143.143531,
A,(not set),92495f81-0daa-4f5c-afa9-5e951c85e1a6,20260410,2026041015,1,0,3,0,2,295.823286,1,0,3,0,2,295.823286,
B,(not set),b9fd3906-a45c-4c5f-845f-0d106a51e505,20260413,2026041317,1,0,8,0,3,49.747006,1,0,8,0,3,49.747006,
(not set),(not set),(not set),20260413,2026041314,3,0,0,0,0,500.416919,3,0,0,0,0,500.416919,
B,Task 7,347643d3-9795-4990-a41f-7b7a2b850a17,20260416,2026041609,1,0,8,5.01,0,379.520885,1,0,8,5.01,0,379.520885,
B,Task 3,17c25a56-4479-45d9-9fc6-0513a0516070,20260412,2026041219,1,0,6,25.25,0,164.328368,1,0,6,25.25,0,164.328368,
B,Task 5,5b1948a0-c269-455a-a539-cb0d1ff75e8f,20260412,2026041208,1,0,6,23.33,0,204.034092,1,0,6,23.33,0,204.034092,
B,Task 7,f3e0fb95-e117-4c54-8f7d-7b853902fa0e,20260413,2026041315,1,0,11,68.05,0,163.552109,1,0,11,68.05,0,163.552109,
B,Task 6,ea371272-0696-414c-a6a7-c67f6be5a35b,20260413,2026041315,1,0,7,14.71,0,285.728639,1,0,7,14.71,0,285.728639,
B,Task 5,1edd2000-ca74-4728-8ed4-466cf163182f,20260407,2026040710,1,0,8,579.83,0,355.034597,1,0,8,579.83,0,355.034597,
B,Task 3,1edd2000-ca74-4728-8ed4-466cf163182f,20260407,2026040717,1,0,8,21.21,0,125.638273,1,0,8,21.21,0,125.638273,
B,Task 6,1edd2000-ca74-4728-8ed4-466cf163182f,20260407,2026040714,1,0,8,14.69,0,273.251576,1,0,8,14.69,0,273.251576,
B,Task 5,4e490dcb-b86d-4d3d-8196-7b211b40a1f7,20260414,2026041419,1,0,11,183.07,0,71.181331,1,0,11,183.07,0,71.181331,
B,(not set),6c3a7402-266c-42a2-b39d-aaddd0dc3427,20260414,2026041421,1,0,5,0,1,87.316188,1,0,5,0,1,87.316188,
A,Task 8,c1d66a60-6d8f-435e-8416-80cc970e99bd,20260413,2026041316,1,0,8,38.6,0,391.624293,1,0,8,38.6,0,391.624293,
A,Task 3,4843554a-58dc-4ee5-813d-e341643c1f8c,20260414,2026041422,1,0,5,12.6,0,350.260956,1,0,5,12.6,0,350.260956,
(not set),(not set),(not set),20260407,2026040712,3,0,0,0,0,721.753439,3,0,0,0,0,721.753439,
A,Task 1,8b005b38-f501-4aaa-ae7a-297a9116d41f,20260413,2026041311,1,0,11,233.4,0,313.705407,1,0,11,233.4,0,313.705407,
B,Task 2,4e490dcb-b86d-4d3d-8196-7b211b40a1f7,20260414,2026041420,1,0,11,304.02,0,149.762753,1,0,11,304.02,0,149.762753,
A,Task 1,7ebfead5-9aaa-4300-a7d0-4dba76d2732c,20260414,2026041415,1,0,3,5.25,0,279.061372,1,0,3,5.25,0,279.061372,
B,Task 4,9250495e-d8a5-4032-a3fd-6aa8600399dc,20260414,2026041410,1,0,8,186.84,0,235.531484,1,0,8,186.84,0,235.531484,
B,(not set),4e490dcb-b86d-4d3d-8196-7b211b40a1f7,20260416,2026041621,1,0,11,0,3,119.82174,1,0,11,0,3,119.82174,
B,(not set),a68893f3-71a3-45b7-934f-d6d5217313c2,20260410,2026041019,1,0,10,0,4,327.362961,1,0,10,0,4,327.362961,
B,(not set),991c3ef0-ab9a-47a5-acf8-3ded91db2bf1,20260415,2026041508,1,0,8,0,5,495.555141,1,0,8,0,5,495.555141,
A,Task 1,8cb9f2f3-2668-4cbb-bff4-0061926c2e15,20260414,2026041411,1,0,5,123.9,0,63.57788,1,0,5,123.9,0,63.57788,
B,Task 1,908baec7-b221-4b1e-824e-c3004e8e5b5f,20260414,2026041420,1,0,7,22.22,0,223.889746,1,0,7,22.22,0,223.889746,
A,Task 7,ce9bfc46-a294-49fc-9f80-6fd29c5904e3,20260408,2026040816,1,0,8,14.33,0,190.060104,1,0,8,14.33,0,190.060104,
B,Task 1,1b84ad05-0d03-4816-aaec-9978e5e3002a,20260412,2026041208,1,0,6,41.53,0,172.768269,1,0,6,41.53,0,172.768269,
A,Task 3,431d29b1-6c40-4358-91b7-aa9cbb71b247,20260411,2026041101,1,0,8,23.52,0,86.805363,1,0,8,23.52,0,86.805363,
A,Task 6,b272e368-a3ff-4e41-b589-6e13321129e2,20260413,2026041314,1,0,11,5.01,0,229.256388,1,0,11,5.01,0,229.256388,
A,(not set),61685f87-8eca-4bbe-9bb4-65f3497fb83b,20260416,2026041608,1,0,5,0,4,423.95102,1,0,5,0,4,423.95102,
B,Task 1,5b1948a0-c269-455a-a539-cb0d1ff75e8f,20260412,2026041212,1,0,6,18.78,0,47.960157,1,0,6,18.78,0,47.960157,
A,Task 1,b272e368-a3ff-4e41-b589-6e13321129e2,20260413,2026041313,1,0,11,17.44,0,173.299822,1,0,11,17.44,0,173.299822,
(not set),(not set),(not set),20260406,2026040610,2,0,0,0,0,284.20143,2,0,0,0,0,284.20143,
B,Task 6,4e490dcb-b86d-4d3d-8196-7b211b40a1f7,20260414,2026041417,1,0,11,14.43,0,381.203452,1,0,11,14.43,0,381.203452,
(not set),(not set),(not set),20260412,2026041216,1,0,0,0,0,158.0315,1,0,0,0,0,158.0315,
B,Task 6,908baec7-b221-4b1e-824e-c3004e8e5b5f,20260414,2026041412,1,0,7,267.23,0,249.958458,1,0,7,267.23,0,249.958458,
A,Task 7,8b005b38-f501-4aaa-ae7a-297a9116d41f,20260413,2026041311,1,0,11,18.75,0,44.214236,1,0,11,18.75,0,44.214236,
B,(not set),10037e18-7099-4d6c-a325-e5f58d7e25b8,20260415,2026041512,1,0,6,0,1,183.36241,1,0,6,0,1,183.36241,
A,Task 5,0d28e9a6-3fce-46c0-a5cd-a8b76bf1d331,20260412,2026041219,1,0,9,60.01,0,70.567879,1,0,9,60.01,0,70.567879,
A,Task 2,4843554a-58dc-4ee5-813d-e341643c1f8c,20260415,2026041509,1,0,5,53.23,0,282.464767,1,0,5,53.23,0,282.464767,
A,Task 11,527071cd-f4de-4bfd-b66e-acab5e0b0891,20260413,2026041320,1,0,11,32.68,0,213.176845,1,0,11,32.68,0,213.176845,
(not set),(not set),(not set),20260416,2026041620,2,0,0,0,0,125.930737,2,0,0,0,0,125.930737,
A,Task 9,0d28e9a6-3fce-46c0-a5cd-a8b76bf1d331,20260412,2026041215,1,0,9,12.5,0,22.959556,1,0,9,12.5,0,22.959556,
B,Task 3,a78fc5c9-093b-4ffb-b81c-96e0fcc620c6,20260408,2026040816,1,0,5,37.37,0,16.48655,1,0,5,37.37,0,16.48655,
B,(not set),9250495e-d8a5-4032-a3fd-6aa8600399dc,20260416,2026041608,1,0,8,0,2,232.769814,1,0,8,0,2,232.769814,
A,(not set),2de8cc83-0be3-45be-978b-6f664ecc8abb,20260414,2026041405,1,0,3,0,4,335.686392,1,0,3,0,4,335.686392,
B,Task 1,4e490dcb-b86d-4d3d-8196-7b211b40a1f7,20260414,2026041408,1,0,11,66.02,0,174.593199,1,0,11,66.02,0,174.593199,
B,Task 3,9250495e-d8a5-4032-a3fd-6aa8600399dc,20260416,2026041608,1,0,8,34.69,0,144.478904,1,0,8,34.69,0,144.478904,
B,Task 7,f564ecb0-06ed-4940-a33c-eb02afd35956,20260414,2026041408,1,0,10,22.68,0,335.367602,1,0,10,22.68,0,335.367602,
B,Task 2,908baec7-b221-4b1e-824e-c3004e8e5b5f,20260414,2026041409,1,0,7,236.51,0,279.531584,1,0,7,236.51,0,279.531584,
A,Task 3,ce9bfc46-a294-49fc-9f80-6fd29c5904e3,20260406,2026040612,1,0,8,24.93,0,73.254809,1,0,8,24.93,0,73.254809,
A,Task 10,527071cd-f4de-4bfd-b66e-acab5e0b0891,20260415,2026041514,1,0,11,16.64,0,45.036337,1,0,11,16.64,0,45.036337,
B,Task 7,a68893f3-71a3-45b7-934f-d6d5217313c2,20260410,2026041019,1,0,10,58.95,0,214.371049,1,0,10,58.95,0,214.371049,
A,Task 3,c1d66a60-6d8f-435e-8416-80cc970e99bd,20260413,2026041316,1,0,8,9.58,0,82.135743,1,0,8,9.58,0,82.135743,
B,Task 9,be32938a-1289-4605-b608-983856893e60,20260407,2026040717,1,0,10,83.13,0,122.395138,1,0,10,83.13,0,122.395138,
B,Task 5,17c25a56-4479-45d9-9fc6-0513a0516070,20260412,2026041214,1,0,6,20.49,0,150.570272,1,0,6,20.49,0,150.570272,
B,(not set),53eb6969-97b6-4d52-9f0d-3da960c30402,20260410,2026041011,1,0,1,0,3,496.194872,1,0,1,0,3,496.194872,
A,Task 4,2292ac62-e8b6-4bbe-9c31-d77f0639471b,20260413,2026041308,1,0,5,167.98,0,304.084468,1,0,5,167.98,0,304.084468,
B,Task 6,f3e0fb95-e117-4c54-8f7d-7b853902fa0e,20260413,2026041315,1,0,11,755.27,0,188.0486,1,0,11,755.27,0,188.0486,
A,Task 2,b272e368-a3ff-4e41-b589-6e13321129e2,20260413,2026041317,1,0,11,21.85,0,388.529779,1,0,11,21.85,0,388.529779,
B,Task 4,f564ecb0-06ed-4940-a33c-eb02afd35956,20260414,2026041418,1,0,10,201.06,0,137.215911,1,0,10,201.06,0,137.215911,
B,Task 6,ad8702fd-ae56-4176-8713-6c56c6b90bde,20260412,2026041222,1,0,7,268.8,0,307.250276,1,0,7,268.8,0,307.250276,
B,Task 2,a78fc5c9-093b-4ffb-b81c-96e0fcc620c6,20260407,2026040715,1,0,5,114.15,0,60.771408,1,0,5,114.15,0,60.771408,
A,Task 3,8cb9f2f3-2668-4cbb-bff4-0061926c2e15,20260414,2026041412,1,0,5,17.3,0,166.5463,1,0,5,17.3,0,166.5463,
A,Task 5,75991c80-2263-40cc-9088-08a9b6cbf061,20260411,2026041100,1,0,11,30.4,0,242.311149,1,0,11,30.4,0,242.311149,
B,Task 5,ad8702fd-ae56-4176-8713-6c56c6b90bde,20260412,2026041221,1,0,7,28.99,0,152.861581,1,0,7,28.99,0,152.861581,
B,Task 5,0cc8e3c1-fe7e-4f3a-920c-cf7cfed7c65f,20260412,2026041208,1,0,9,5.01,0,296.611356,1,0,9,5.01,0,296.611356,
A,Task 3,0d28e9a6-3fce-46c0-a5cd-a8b76bf1d331,20260412,2026041216,1,0,9,19.92,0,397.420569,1,0,9,19.92,0,397.420569,
